{
  "create_ticket_page_title": "Ticket creation",
  "create_ticket_page_checkbox_label": "Don't see your equipment? Check to include archived equipment in your search.",
  "create_ticket_page_step_1": "Select the Equipment",
  "create_ticket_page_step_2": "Ticket Description",
  "create_ticket_page_step_3": "Schedule Repair",
  "create_ticket_page_step_4": "Send details",
  "create_ticket_page_filter_button": "Filter",
  "create_ticket_page_filter_label": "Filters",
  "create_ticket_page_filter_location": "Search by Location",
  "create_ticket_page_filter_keyword": "Search by Keyword",
  "create_ticket_page_filter_brands": "Select by Brands",
  "create_ticket_page_filter_status": "Select by Status",
  "create_ticket_page_filter_models": "Select by Models",
  "create_ticket_page_filter_reset": "Reset Filters",
  "create_ticket_page_filter_confirm": "Confirm",
  "create_ticket_step-1_title": "Equipments",
  "create_ticket_step-1_helping_text": "Don't see your equipment? Check to include archived equipment in your search.",
  "create_ticket_table_heading_name_text": "Name",
  "create_ticket_table_heading_address_text": "Address",
  "create_ticket_table_heading_type_text": "Type",
  "create_ticket_table_heading_reference_text": "Customer Reference",
  "create_ticket_table_heading_brand_text": "Brand",
  "create_ticket_table_heading_modal_text": "Modal",
  "create_ticket_table_heading_serial_number_text": "Serial Number",
  "create_ticket_table_heading_bar_code_text": "Barcode",
  "create_ticket_table_heading_status_text": "Status",
  "create_ticket_step-2_title": "Describe your issue.",
  "create_ticket_step-2_subtitle": "Selected Equipment or Location",
  "create_ticket_step-2_address": "Address",
  "create_ticket_step-2_equipment": "Equipment",
  "create_ticket_step-2_properties": "Properties",
  "create_ticket_step-2_barcode": "Barcode",
  "create_ticket_step-2_serial_number": "Serial Number",
  "create_ticket_step-2_our_ref": "Our Ref",
  "create_ticket_step-2_supplier_ref": "Supplier Ref",
  "create_ticket_step-2_select_ticket_type": "Select Ticket Type",
  "create_ticket_step-2_select_severity": "Select Severity",
  "create_ticket_step-2_issue_inputbox_label": "Description about the issue.",
  "create_ticket_step-2_issue_inputbox_placeholder": "Subject of the issue",
  "create_ticket_step-2_description_textbox_placeholder": "Example- My gas heating system has malfunctioned.",
  "create_ticket_step-2_characters_remaining_text": "characters remaining.",
  "create_ticket_step-2_upload_inputfile_label_1": "Click to upload ",
  "create_ticket_step-2_upload_inputfile_label_2": "or drag and drop",
  "create_ticket_step-2_upload_inputfile_name": "PNG, JPG, or PDF (max. 5MB)",
  "create_ticket_page_step-3_title": "Please select your preferred date for the intervention.",
  "create_ticket_page_step-3_subtitle": "We'll check our technicians availability and confirm or suggest the closest alternative.",
  "create_ticket_page_step-3_selected_date_time": "Your selected preferred time is",
  "create_ticket_page_step-3_time_select": "Select Time",
  "create_ticket_step-4_title": "Confirm and send ticket",
  "create_ticket_step-4_address": "Address",
  "create_ticket_step-4_equipment": "Equipment",
  "create_ticket_step-4_properties": "Properties",
  "create_ticket_step-4_barcode": "Barcode",
  "create_ticket_step-4_serial_number": "Serial Number",
  "create_ticket_step-4_our_ref": "Our Ref",
  "create_ticket_step-4_supplier_ref": "Supplier Ref",
  "create_ticket_step-4_preferred_date_time": "Preferred date and time",
  "create_ticket_step-4_severity": "Severity",
  "create_ticket_step-4_ticket_subject": "Ticket Subject",
  "create_ticket_step-4_description": "Description about the issue.",
  "create_ticket_step-4_files_uploaded": "Files Uploaded",
  "create_ticket_step-4_submitting_text": "Creating your ticket—please wait a moment...",
  "create_ticket_popup_title": "Ticket Created",
  "create_ticket_popup_text": "Sit back and relax. We will respond to you as soon as possible to help you out with the repair.",
  "create_ticket_popup_button_back_home": "Back Home",
  "create_ticket_popup_button_view_ticket": "View Ticket",
  "create_ticket_popup_button_back": "Back",
  "create_ticket_popup_button_next": "Next",
  "create_ticket_popup_button_confirm": "Confirm",
  "create_ticket_file_more_then_max_size": "{{fileName}} is larger than 5MB and will not be added.",
  "create_ticket_fileAlreadyAdded": "{{fileName}} is already added and will be skipped.",
  "create_ticket_created_successfully": "Ticket created successfully!",
  "create_ticket_failed_create_ticket": "Failed to create ticket. Please try again.",
  "create_ticket_error_missing_identifiers": "Missing ticket identifiers.",
  "create_ticket_failed_upload_files.": "Failed to upload files."
}