{
  "documents_page_go_back": "Go Back",
  "documents_page_title": "Documents",
  "documents_table_heading_select_all_text": "Select All",
  "documents_table_heading_object_text": "Object",
  "documents_table_heading_object_name_text": "Object Name",
  "documents_table_heading_file_type_text": "File Type",
  "documents_table_heading_file_name_text": "File Name",
  "documents_table_heading_upload_when_text": "Upload When",
  "documents_table_filter_keyword": "Keyword",
  "documents_table_filter_location": "Location",
  "documents_table_filter_street": "Street",
  "documents_table_filter_city": "City",
  "documents_table_filter_file_type": "Select file type",
  "documents_table_filter_objects": "Select objects",
  "documents_table_filter_reset_button": "Reset Filters",
  "documents_table_filter_apply_button": "Confirm",
  "documents_table_download_button": "Download",
  "documents_table_downloadall_button": "Download All",
  "documents_page_helping_text": "Click on the check box to select files to download.",
  "documents_table_download_checkbox": "Select to Download the Document.",
  "documents_table_view_document_text": "View Document",
  "documents_table_no_document_available": "No document available.",
  "documents_table_pagination_page": "Page",
  "documents_table_pagination_of": "of",
  "documents_table_pagination_show": "Show"
}