{
  "equipments_list_page_go_back": "Go Back",
  "equipments_list_page_title": "Equipments",
  "equipments_list_page_checkbox_label": "Don't see your equipment? Check to include archived equipment in your search.",
  "equipments_list_page_filter_button": "Filter",
  "equipments_list_page_filter_label": "Filters",
  "equipments_list_page_filter_location": "Search by Location",
  "equipments_list_page_filter_keyword": "Search by Keyword",
  "equipments_list_page_filter_brands": "Select by Brands",
  "equipments_list_page_filter_status": "Select by Status",
  "equipments_list_page_filter_models": "Select by Models",
  "equipments_list_page_filter_reset": "Reset Filters",
  "equipments_list_page_filter_confirm": "Confirm",
  "equipments_list_page_helping_text": "Click the row to view ticket details.",
  "equipments_list_table_heading_name_text": "Name",
  "equipments_list_table_heading_address_text": "Address",
  "equipments_list_table_heading_type_text": "Type",
  "equipments_list_table_heading_reference_text": "Customer Reference",
  "equipments_list_table_heading_brand_text": "Brand",
  "equipments_list_table_heading_modal_text": "Modal",
  "equipments_list_table_heading_serial_number_text": "Serial Number",
  "equipments_list_table_heading_bar_code_text": "Barcode",
  "equipments_list_table_heading_status_text": "Status",
  "equipments_list_table_pagination_page": "Page",
  "equipments_list_table_pagination_of": "of",
  "equipments_list_table_pagination_show": "Show"
}
