{
  "single_equipment_page_go_back": "Go Back",
  "single_equipment_page_reference": "Reference",
  "single_equipment_page_ticket_details": "Overview",
  "single_equipment_page_documents": "Documents",
  "single_equipment_page_work_orders": "Work Orders",
  "single_equipment_page_contract_entitlements": "Contract Entitlements",
  "single_equipment_page_equipment": "Equipment",
  "single_equipment_page_type_status": "Type and Status",
  "single_equipment_page_properties": "Properties",
  "single_equipment_page_barcode": "Barcode",
  "single_equipment_page_serial_number": "Serial Number",
  "single_equipment_page_our_ref": "Our Ref",
  "single_equipment_page_supplier_ref": "Supplier Ref",
  "single_equipment_page_shutdown_consequence": "Shutdown Consequence",
  "single_equipment_page_location": "Location",
  "single_equipment_page_extra_location_info": "Extra Location Info",
  "single_equipment_page_company_address": "Company Address",
  "single_equipment_page_select_to_download": "Select to Download the Document.",
  "single_equipment_page_view_document": "View Document",
  "single_equipment_page_no_document": "No document available.",
  "single_equipment_page_download_button": "Download",
  "single_equipment_page_download_all_button": "Download All",
  "single_equipment_page_no_record": "No record available.",
  "single_equipment_page_description": "Description",
  "single_equipment_page_err_failed_to_fetch_thumbnail": "Failed to fetch thumbnail",
  "single_equipment_page_helping_text": "Click on the row to view the Work Order(WO) details.",
  "single_equipment_page_work_order_table_reference_text": "Reference",
  "single_equipment_page_work_order_table_planned_date_text": "Planned date",
  "single_equipment_page_work_order_table_scheduled_technician_text": "Scheduled Technician",
  "single_equipment_page_work_order_table_close_date_text": "Close Date",
  "single_equipment_page_work_order_table_status_text": "Status",
  "single_equipment_page_work_order_table_address_text": "Address",
  "single_equipment_page_work_order_table_name_text": "Name",
  "single_equipment_page_work_order_table_type_text": "Type",
  "single_equipment_page_work_order_list_table_pagination_page": "Page",
  "single_equipment_page_work_order_list_table_pagination_of": "of",
  "single_equipment_page_work_order_list_table_pagination_show": "Show",
  "single_equipment_page_work_order_list_planned_date_technician": "Planned date and Technician",
  "single_equipment_page_work_order_list_remarks_ref": "Ref",
  "single_equipment_page_work_order_list_remarks_technician": "Technician",
  "single_equipment_page_work_order_list_remarks_date": "Date",
  "single_equipment_page_work_order_list_remarks_technicians_remarks": "Technicians Remarks",
  "single_equipment_page_contract_warranty_information": "Warranty Information",
  "single_equipment_page_contract_build_date": "Build date",
  "single_equipment_page_contract_commissioning_date": "Commissioning date",
  "single_equipment_page_contract_warranty_date": "End of warranty date",
  "single_equipment_page_contract_parts_warranty_date": "End of parts warranty date",
  "single_equipment_page_contract_corrective_contract_info": "Corrective Contract Info",
  "single_equipment_page_contract_start_date": "Start date",
  "single_equipment_page_contract_end_date": "End date",
  "single_equipment_page_contract_status": "Status",
  "single_equipment_page_contract_SLA_info": "SLA Information",
  "single_equipment_page_contract_SLA_deadlines": "SLA Deadlines",
  "single_equipment_page_contract_response_time": "Response Time",
  "single_equipment_page_contract_arrival_time": "Arrival Time",
  "single_equipment_page_contract_resolution_time": "Resolution Time",
  "single_equipment_page_contract_preventive_contract_info": "Preventive Contract Info",
  "single_equipment_page_contract_contract_ref": "Contract Ref",
  "single_equipment_page_contract_contract_type": "Contract type",
  "single_equipment_page_contract_WO_type": "WO Type",
  "single_equipment_page_contract_next_expected_intervention": "Next Expected Intervention",
  "single_equipment_page_contract_view_more_button": "View More",
  "single_equipment_page_contract_view_less_button": "View Less"
}