{
  "single_work_order_page_go_back": "Go Back",
  "single_work_order_page_reference": "Reference",
  "single_work_order_page_ticket_details": "Work Order Details",
  "single_work_order_page_documents": "Documents",
  "single_work_order_page_equipment": "Equipment",
  "single_work_order_page_contact": "Point of Contact",
  "single_work_order_page_sla_info": "SLA Information",
  "single_work_order_page_response_time": "Response Time",
  "single_work_order_page_resolution_time": "Resolution Time",
  "single_work_order_page_arrival_time": "Arrival Time",
  "single_work_order_page_priority": "Priority",
  "single_work_order_page_type_status": "Type and Status",
  "single_work_order_page_total_planned_time": "Total planned time",
  "single_work_order_page_planned_date": "Planned Date",
  "single_work_order_page_planned_duration": "Planned Duration",
  "single_work_order_page_view_document": "View Document",
  "single_work_order_page_no_record": "No record available.",
  "single_work_order_page_description": "Description",
  "single_work_order_page_no_description": "No description has been provided.",
  "single_work_order_page_no_document": "No document available.",
  "single_work_order_page_err_no_ticket_id": "Work Order ID is not provided.",
  "single_work_order_page_err_failed_to_fetch_wo": "Failed to fetch workOrder details.",
  "single_work_order_page_err_failed_to_fetch_document": "Failed to fetch documents.",
  "single_work_order_page_err_failed_to_fetch_thumbnail": "Failed to fetch thumbnails.",
  "single_work_order_page_select_to_download": "Select to Download the Document.",
  "single_work_order_page_download_button": "Download",
  "single_work_order_page_download_all_button": "Download All",
  "single_work_order_page_sub_wo_status": "Status",
  "single_work_order_page_sub_wo_name": "Name",
  "single_work_order_page_sub_wo_reference": "Reference",
  "single_work_order_page_sub_wo_type": "Type"
}