{
  "update_password_page_title": "Update Password",
  "update_password_page_go_back": "Go Back",
  "update_password_page_current_password": "Current Password",
  "update_password_page_new_password": "New Password",
  "update_password_page_re_password": "Confirm New Password",
  "update_password_page_update_button": "Update Password",
  "update_password_page_otp_popup_heading": "Check Your Inbox",
  "update_password_page_otp_popup_subheading": "Enter the 6 - digit security code we sent to",
  "update_password_page_otp_popup_button": "Confirm",
  "update_password_page_err_new_password_same": "Let’s switch it up—your new password should be different from the old one.",
  "update_password_page_err_password_not_match": "Mismatch detected. Ensure 'New Password' and 'Confirm Password' are the same.",
  "update_password_page_err_weak_password": "Your password is too weak. Try adding uppercase letters, numbers, or symbols.",
  "update_password_page_err_authentication_missing": "Authentication details missing. Please log in again.",
  "update_password_page_err_invalid_credentials": "Login failed. Invalid credentials",
  "update_password_page_err_OTP_not_received": "Failed to request password change. OTP token not received.",
  "update_password_page_err_failed": "Failed to update password. Please try again.",
  "update_password_page_err_successfully": "Password updated successfully!"
}